{
    "layouts": {
        "LAYOUT": {
            "layout": [
                {
                    "row": 0,
                    "col": 0,
                    "x": -0.375,
                    "y": 0.375,
                    "w": 1,
                    "h": 1,
                    "r": 0,
                    "rx": -0.375,
                    "ry": 0.375
                },
                {
                    "row": 0,
                    "col": 1,
                    "x": 0.625,
                    "y": 0.375,
                    "w": 1,
                    "h": 1,
                    "r": 0,
                    "rx": 0.625,
                    "ry": 0.375
                },
                {
                    "row": 0,
                    "col": 2,
                    "x": 1.625,
                    "y": 0.375,
                    "w": 1,
                    "h": 1,
                    "r": 0,
                    "rx": 1.625,
                    "ry": 0.375
                },
                {
                    "row": 0,
                    "col": 3,
                    "x": 2.625,
                    "y": 0.375,
                    "w": 1,
                    "h": 1,
                    "r": 0,
                    "rx": 2.625,
                    "ry": 0.375
                },
                {
                    "row": 0,
                    "col": 4,
                    "x": 3.625,
                    "y": 0.375,
                    "w": 1,
                    "h": 1,
                    "r": 0,
                    "rx": 3.625,
                    "ry": 0.375
                },
                {
                    "row": 0,
                    "col": 5,
                    "x": 4.625,
                    "y": 0.375,
                    "w": 1,
                    "h": 1,
                    "r": 0,
                    "rx": 4.625,
                    "ry": 0.375
                },
                {
                    "row": 0,
                    "col": 6,
                    "x": 5.625,
                    "y": 0.375,
                    "w": 1,
                    "h": 1,
                    "r": 0,
                    "rx": 5.625,
                    "ry": 0.375
                },
                {
                    "row": 0,
                    "col": 7,
                    "x": 8.75,
                    "y": 0.375,
                    "w": 1,
                    "h": 1,
                    "r": 0,
                    "rx": 8.75,
                    "ry": 0.375
                },
                {
                    "row": 0,
                    "col": 8,
                    "x": 9.75,
                    "y": 0.375,
                    "w": 1,
                    "h": 1,
                    "r": 0,
                    "rx": 9.75,
                    "ry": 0.375
                },
                {
                    "row": 0,
                    "col": 9,
                    "x": 10.75,
                    "y": 0.375,
                    "w": 1,
                    "h": 1,
                    "r": 0,
                    "rx": 10.75,
                    "ry": 0.375
                },
                {
                    "row": 0,
                    "col": 10,
                    "x": 11.75,
                    "y": 0.375,
                    "w": 1,
                    "h": 1,
                    "r": 0,
                    "rx": 11.75,
                    "ry": 0.375
                },
                {
                    "row": 0,
                    "col": 11,
                    "x": 12.75,
                    "y": 0.375,
                    "w": 1,
                    "h": 1,
                    "r": 0,
                    "rx": 12.75,
                    "ry": 0.375
                },
                {
                    "row": 0,
                    "col": 12,
                    "x": 13.75,
                    "y": 0.375,
                    "w": 1,
                    "h": 1,
                    "r": 0,
                    "rx": 13.75,
                    "ry": 0.375
                },
                {
                    "row": 0,
                    "col": 13,
                    "x": 14.75,
                    "y": 0.375,
                    "w": 1,
                    "h": 1,
                    "r": 0,
                    "rx": 14.75,
                    "ry": 0.375
                },
                {
                    "row": 0,
                    "col": 14,
                    "x": 15.75,
                    "y": 0.375,
                    "w": 1.75,
                    "h": 1,
                    "r": 0,
                    "rx": 15.75,
                    "ry": 0.375
                },
                {
                    "row": 1,
                    "col": 0,
                    "x": -0.375,
                    "y": 1.375,
                    "w": 1.25,
                    "h": 1,
                    "r": 0,
                    "rx": -0.375,
                    "ry": 1.375
                },
                {
                    "row": 1,
                    "col": 1,
                    "x": 0.875,
                    "y": 1.375,
                    "w": 1,
                    "h": 1,
                    "r": 0,
                    "rx": 0.875,
                    "ry": 1.375
                },
                {
                    "row": 1,
                    "col": 2,
                    "x": 1.875,
                    "y": 1.375,
                    "w": 1,
                    "h": 1,
                    "r": 0,
                    "rx": 1.875,
                    "ry": 1.375
                },
                {
                    "row": 1,
                    "col": 3,
                    "x": 2.875,
                    "y": 1.375,
                    "w": 1,
                    "h": 1,
                    "r": 0,
                    "rx": 2.875,
                    "ry": 1.375
                },
                {
                    "row": 1,
                    "col": 4,
                    "x": 3.875,
                    "y": 1.375,
                    "w": 1,
                    "h": 1,
                    "r": 0,
                    "rx": 3.875,
                    "ry": 1.375
                },
                {
                    "row": 1,
                    "col": 5,
                    "x": 4.875,
                    "y": 1.375,
                    "w": 1,
                    "h": 1,
                    "r": 0,
                    "rx": 4.875,
                    "ry": 1.375
                },
                {
                    "row": 1,
                    "col": 6,
                    "x": 5.875,
                    "y": 1.375,
                    "w": 1,
                    "h": 1,
                    "r": 0,
                    "rx": 5.875,
                    "ry": 1.375
                },
                {
                    "row": 1,
                    "col": 8,
                    "x": 9.25,
                    "y": 1.375,
                    "w": 1,
                    "h": 1,
                    "r": 0,
                    "rx": 9.25,
                    "ry": 1.375
                },
                {
                    "row": 1,
                    "col": 9,
                    "x": 10.25,
                    "y": 1.375,
                    "w": 1,
                    "h": 1,
                    "r": 0,
                    "rx": 10.25,
                    "ry": 1.375
                },
                {
                    "row": 1,
                    "col": 10,
                    "x": 11.25,
                    "y": 1.375,
                    "w": 1,
                    "h": 1,
                    "r": 0,
                    "rx": 11.25,
                    "ry": 1.375
                },
                {
                    "row": 1,
                    "col": 11,
                    "x": 12.25,
                    "y": 1.375,
                    "w": 1,
                    "h": 1,
                    "r": 0,
                    "rx": 12.25,
                    "ry": 1.375
                },
                {
                    "row": 1,
                    "col": 12,
                    "x": 13.25,
                    "y": 1.375,
                    "w": 1,
                    "h": 1,
                    "r": 0,
                    "rx": 13.25,
                    "ry": 1.375
                },
                {
                    "row": 1,
                    "col": 13,
                    "x": 14.25,
                    "y": 1.375,
                    "w": 1,
                    "h": 1,
                    "r": 0,
                    "rx": 14.25,
                    "ry": 1.375
                },
                {
                    "row": 1,
                    "col": 14,
                    "x": 15.25,
                    "y": 1.375,
                    "w": 1,
                    "h": 1,
                    "r": 0,
                    "rx": 15.25,
                    "ry": 1.375
                },
                {
                    "row": 1,
                    "col": 15,
                    "x": 16.25,
                    "y": 1.375,
                    "w": 1.25,
                    "h": 1,
                    "r": 0,
                    "rx": 16.25,
                    "ry": 1.375
                },
                {
                    "row": 2,
                    "col": 0,
                    "x": -0.375,
                    "y": 2.375,
                    "w": 1.5,
                    "h": 1,
                    "r": 0,
                    "rx": -0.375,
                    "ry": 2.375
                },
                {
                    "row": 2,
                    "col": 1,
                    "x": 1.125,
                    "y": 2.375,
                    "w": 1,
                    "h": 1,
                    "r": 0,
                    "rx": 1.125,
                    "ry": 2.375
                },
                {
                    "row": 2,
                    "col": 2,
                    "x": 2.125,
                    "y": 2.375,
                    "w": 1,
                    "h": 1,
                    "r": 0,
                    "rx": 2.125,
                    "ry": 2.375
                },
                {
                    "row": 2,
                    "col": 3,
                    "x": 3.125,
                    "y": 2.375,
                    "w": 1,
                    "h": 1,
                    "r": 0,
                    "rx": 3.125,
                    "ry": 2.375
                },
                {
                    "row": 2,
                    "col": 4,
                    "x": 4.125,
                    "y": 2.375,
                    "w": 1,
                    "h": 1,
                    "r": 0,
                    "rx": 4.125,
                    "ry": 2.375
                },
                {
                    "row": 2,
                    "col": 5,
                    "x": 5.125,
                    "y": 2.375,
                    "w": 1,
                    "h": 1,
                    "r": 0,
                    "rx": 5.125,
                    "ry": 2.375
                },
                {
                    "row": 2,
                    "col": 8,
                    "x": 9.5,
                    "y": 2.375,
                    "w": 1,
                    "h": 1,
                    "r": 0,
                    "rx": 9.5,
                    "ry": 2.375
                },
                {
                    "row": 2,
                    "col": 9,
                    "x": 10.5,
                    "y": 2.375,
                    "w": 1,
                    "h": 1,
                    "r": 0,
                    "rx": 10.5,
                    "ry": 2.375
                },
                {
                    "row": 2,
                    "col": 10,
                    "x": 11.5,
                    "y": 2.375,
                    "w": 1,
                    "h": 1,
                    "r": 0,
                    "rx": 11.5,
                    "ry": 2.375
                },
                {
                    "row": 2,
                    "col": 11,
                    "x": 12.5,
                    "y": 2.375,
                    "w": 1,
                    "h": 1,
                    "r": 0,
                    "rx": 12.5,
                    "ry": 2.375
                },
                {
                    "row": 2,
                    "col": 12,
                    "x": 13.5,
                    "y": 2.375,
                    "w": 1,
                    "h": 1,
                    "r": 0,
                    "rx": 13.5,
                    "ry": 2.375
                },
                {
                    "row": 2,
                    "col": 13,
                    "x": 14.5,
                    "y": 2.375,
                    "w": 1,
                    "h": 1,
                    "r": 0,
                    "rx": 14.5,
                    "ry": 2.375
                },
                {
                    "row": 2,
                    "col": 14,
                    "x": 15.5,
                    "y": 2.375,
                    "w": 2,
                    "h": 1,
                    "r": 0,
                    "rx": 15.5,
                    "ry": 2.375
                },
                {
                    "row": 3,
                    "col": 0,
                    "x": -0.375,
                    "y": 3.375,
                    "w": 2,
                    "h": 1,
                    "r": 0,
                    "rx": -0.375,
                    "ry": 3.375
                },
                {
                    "row": 3,
                    "col": 1,
                    "x": 1.625,
                    "y": 3.375,
                    "w": 1,
                    "h": 1,
                    "r": 0,
                    "rx": 1.625,
                    "ry": 3.375
                },
                {
                    "row": 3,
                    "col": 2,
                    "x": 2.625,
                    "y": 3.375,
                    "w": 1,
                    "h": 1,
                    "r": 0,
                    "rx": 2.625,
                    "ry": 3.375
                },
                {
                    "row": 3,
                    "col": 3,
                    "x": 3.625,
                    "y": 3.375,
                    "w": 1,
                    "h": 1,
                    "r": 0,
                    "rx": 3.625,
                    "ry": 3.375
                },
                {
                    "row": 3,
                    "col": 4,
                    "x": 4.625,
                    "y": 3.375,
                    "w": 1,
                    "h": 1,
                    "r": 0,
                    "rx": 4.625,
                    "ry": 3.375
                },
                {
                    "row": 3,
                    "col": 5,
                    "x": 5.625,
                    "y": 3.375,
                    "w": 1,
                    "h": 1,
                    "r": 0,
                    "rx": 5.625,
                    "ry": 3.375
                },
                {
                    "row": 3,
                    "col": 7,
                    "x": 9,
                    "y": 3.375,
                    "w": 1,
                    "h": 1,
                    "r": 0,
                    "rx": 9,
                    "ry": 3.375
                },
                {
                    "row": 3,
                    "col": 8,
                    "x": 10,
                    "y": 3.375,
                    "w": 1,
                    "h": 1,
                    "r": 0,
                    "rx": 10,
                    "ry": 3.375
                },
                {
                    "row": 3,
                    "col": 9,
                    "x": 11,
                    "y": 3.375,
                    "w": 1,
                    "h": 1,
                    "r": 0,
                    "rx": 11,
                    "ry": 3.375
                },
                {
                    "row": 3,
                    "col": 10,
                    "x": 12,
                    "y": 3.375,
                    "w": 1,
                    "h": 1,
                    "r": 0,
                    "rx": 12,
                    "ry": 3.375
                },
                {
                    "row": 3,
                    "col": 11,
                    "x": 13,
                    "y": 3.375,
                    "w": 1,
                    "h": 1,
                    "r": 0,
                    "rx": 13,
                    "ry": 3.375
                },
                {
                    "row": 3,
                    "col": 12,
                    "x": 14,
                    "y": 3.375,
                    "w": 1,
                    "h": 1,
                    "r": 0,
                    "rx": 14,
                    "ry": 3.375
                },
                {
                    "row": 3,
                    "col": 13,
                    "x": 15,
                    "y": 3.375,
                    "w": 1.5,
                    "h": 1,
                    "r": 0,
                    "rx": 15,
                    "ry": 3.375
                },
                {
                    "row": 3,
                    "col": 14,
                    "x": 16.5,
                    "y": 3.375,
                    "w": 1,
                    "h": 1,
                    "r": 0,
                    "rx": 16.5,
                    "ry": 3.375
                },
                {
                    "row": 4,
                    "col": 1,
                    "x": -0.375,
                    "y": 4.375,
                    "w": 1.5,
                    "h": 1,
                    "r": 0,
                    "rx": -0.375,
                    "ry": 4.375
                },
                {
                    "row": 4,
                    "col": 2,
                    "x": 1.125,
                    "y": 4.375,
                    "w": 1.5,
                    "h": 1,
                    "r": 0,
                    "rx": 1.125,
                    "ry": 4.375
                },
                {
                    "row": 4,
                    "col": 3,
                    "x": 2.625,
                    "y": 4.375,
                    "w": 1.5,
                    "h": 1,
                    "r": 0,
                    "rx": 2.625,
                    "ry": 4.375
                },
                {
                    "row": 4,
                    "col": 4,
                    "x": 4.125,
                    "y": 4.375,
                    "w": 1.25,
                    "h": 1,
                    "r": 0,
                    "rx": 4.125,
                    "ry": 4.375
                },
                {
                    "row": 4,
                    "col": 5,
                    "x": 5.5,
                    "y": 4.375,
                    "w": 1,
                    "h": 1,
                    "r": 0,
                    "rx": 5.5,
                    "ry": 4.375
                },
                {
                    "row": 4,
                    "col": 6,
                    "x": 6.5,
                    "y": 4.375,
                    "w": 1,
                    "h": 1,
                    "r": 0,
                    "rx": 6.5,
                    "ry": 4.375
                },
                {
                    "row": 4,
                    "col": 8,
                    "x": 9.5,
                    "y": 4.375,
                    "w": 1.25,
                    "h": 1,
                    "r": 0,
                    "rx": 9.5,
                    "ry": 4.375
                },
                {
                    "row": 4,
                    "col": 9,
                    "x": 10.75,
                    "y": 4.375,
                    "w": 2,
                    "h": 1,
                    "r": 0,
                    "rx": 10.75,
                    "ry": 4.375
                },
                {
                    "row": 4,
                    "col": 10,
                    "x": 15.5,
                    "y": 4.375,
                    "w": 1,
                    "h": 1,
                    "r": 0,
                    "rx": 15.5,
                    "ry": 4.375
                },
                {
                    "row": 4,
                    "col": 11,
                    "x": 16.5,
                    "y": 4.375,
                    "w": 1,
                    "h": 1,
                    "r": 0,
                    "rx": 16.5,
                    "ry": 4.375
                }
            ]
        }
    }
}